scenario,algorithm,n_seeds,accuracy,precision,recall,f1,balanced_accuracy
RQ1 lowest density,majority_vote,30,0.6573333333333333,0.7234753427378886,0.8302369786125904,0.7706439278386938,0.5402572789652087
RQ1 lowest density,reputation_weighted,30,0.6706666666666667,0.735418122707577,0.8302369786125904,0.7776203024323233,0.5606403081737023
RQ1 lowest density,time_decayed,30,0.6546666666666667,0.7280096144582735,0.812021234914973,0.765109014836512,0.5458873046677651
RQ2 highest adversarial,majority_vote,30,0.012,0.03392210754103338,0.015475354820289739,0.020765208647561588,0.00933950807376043
RQ2 highest adversarial,reputation_weighted,30,0.7326666666666667,0.8672759184952658,0.7277634209133935,0.7893221174126092,0.7326619734077767
RQ2 highest adversarial,time_decayed,30,0.5966666666666666,0.7781826103192747,0.593803383876721,0.6716532757542338,0.5930442623228376
RQ3 highest staleness,majority_vote,30,0.5893333333333334,0.4799710319604949,0.7088659417046957,0.5679349107336283,0.6099855665601391
RQ3 highest staleness,reputation_weighted,30,0.642,0.526446788520788,0.7132702796343062,0.6014815173389104,0.6531084708469649
RQ3 highest staleness,time_decayed,30,0.8026666666666666,0.7085904957193431,0.8396840161623003,0.7648233037772477,0.8092917435010478
