report_probability,seed,algorithm,accuracy,reports_per_atm,zero_report_fraction
0.02,4000,majority_vote,0.7,0.7,0.46
0.02,4000,reputation_weighted,0.7,0.7,0.46
0.02,4000,time_decayed,0.7,0.7,0.46
0.02,4001,majority_vote,0.58,0.52,0.6
0.02,4001,reputation_weighted,0.62,0.52,0.6
0.02,4001,time_decayed,0.6,0.52,0.6
0.02,4002,majority_vote,0.6,0.56,0.54
0.02,4002,reputation_weighted,0.66,0.56,0.54
0.02,4002,time_decayed,0.64,0.56,0.54
0.02,4003,majority_vote,0.68,0.52,0.58
0.02,4003,reputation_weighted,0.68,0.52,0.58
0.02,4003,time_decayed,0.68,0.52,0.58
0.02,4004,majority_vote,0.62,0.52,0.62
0.02,4004,reputation_weighted,0.62,0.52,0.62
0.02,4004,time_decayed,0.62,0.52,0.62
0.02,4005,majority_vote,0.7,0.78,0.46
0.02,4005,reputation_weighted,0.72,0.78,0.46
0.02,4005,time_decayed,0.7,0.78,0.46
0.02,4006,majority_vote,0.62,0.6,0.56
0.02,4006,reputation_weighted,0.64,0.6,0.56
0.02,4006,time_decayed,0.62,0.6,0.56
0.02,4007,majority_vote,0.56,0.5,0.6
0.02,4007,reputation_weighted,0.56,0.5,0.6
0.02,4007,time_decayed,0.54,0.5,0.6
0.02,4008,majority_vote,0.84,0.74,0.42
0.02,4008,reputation_weighted,0.86,0.74,0.42
0.02,4008,time_decayed,0.78,0.74,0.42
0.02,4009,majority_vote,0.74,0.54,0.58
0.02,4009,reputation_weighted,0.74,0.54,0.58
0.02,4009,time_decayed,0.74,0.54,0.58
0.02,4010,majority_vote,0.6,0.72,0.54
0.02,4010,reputation_weighted,0.6,0.72,0.54
0.02,4010,time_decayed,0.56,0.72,0.54
0.02,4011,majority_vote,0.7,0.38,0.64
0.02,4011,reputation_weighted,0.7,0.38,0.64
0.02,4011,time_decayed,0.7,0.38,0.64
0.02,4012,majority_vote,0.64,0.76,0.44
0.02,4012,reputation_weighted,0.66,0.76,0.44
0.02,4012,time_decayed,0.64,0.76,0.44
0.02,4013,majority_vote,0.72,0.28,0.78
0.02,4013,reputation_weighted,0.72,0.28,0.78
0.02,4013,time_decayed,0.68,0.28,0.78
0.02,4014,majority_vote,0.62,0.5,0.62
0.02,4014,reputation_weighted,0.64,0.5,0.62
0.02,4014,time_decayed,0.64,0.5,0.62
0.02,4015,majority_vote,0.72,0.72,0.5
0.02,4015,reputation_weighted,0.76,0.72,0.5
0.02,4015,time_decayed,0.72,0.72,0.5
0.02,4016,majority_vote,0.64,0.4,0.66
0.02,4016,reputation_weighted,0.66,0.4,0.66
0.02,4016,time_decayed,0.66,0.4,0.66
0.02,4017,majority_vote,0.58,0.68,0.46
0.02,4017,reputation_weighted,0.58,0.68,0.46
0.02,4017,time_decayed,0.56,0.68,0.46
0.02,4018,majority_vote,0.72,0.44,0.66
0.02,4018,reputation_weighted,0.72,0.44,0.66
0.02,4018,time_decayed,0.7,0.44,0.66
0.02,4019,majority_vote,0.56,0.56,0.52
0.02,4019,reputation_weighted,0.56,0.56,0.52
0.02,4019,time_decayed,0.56,0.56,0.52
0.02,4020,majority_vote,0.46,0.74,0.44
0.02,4020,reputation_weighted,0.5,0.74,0.44
0.02,4020,time_decayed,0.5,0.74,0.44
0.02,4021,majority_vote,0.7,0.54,0.54
0.02,4021,reputation_weighted,0.7,0.54,0.54
0.02,4021,time_decayed,0.7,0.54,0.54
0.02,4022,majority_vote,0.64,0.56,0.54
0.02,4022,reputation_weighted,0.66,0.56,0.54
0.02,4022,time_decayed,0.66,0.56,0.54
0.02,4023,majority_vote,0.62,0.58,0.52
0.02,4023,reputation_weighted,0.64,0.58,0.52
0.02,4023,time_decayed,0.62,0.58,0.52
0.02,4024,majority_vote,0.74,0.62,0.48
0.02,4024,reputation_weighted,0.74,0.62,0.48
0.02,4024,time_decayed,0.76,0.62,0.48
0.02,4025,majority_vote,0.72,0.56,0.6
0.02,4025,reputation_weighted,0.76,0.56,0.6
0.02,4025,time_decayed,0.74,0.56,0.6
0.02,4026,majority_vote,0.68,0.72,0.56
0.02,4026,reputation_weighted,0.7,0.72,0.56
0.02,4026,time_decayed,0.68,0.72,0.56
0.02,4027,majority_vote,0.7,0.56,0.5
0.02,4027,reputation_weighted,0.7,0.56,0.5
0.02,4027,time_decayed,0.7,0.56,0.5
0.02,4028,majority_vote,0.62,0.6,0.52
0.02,4028,reputation_weighted,0.62,0.6,0.52
0.02,4028,time_decayed,0.58,0.6,0.52
0.02,4029,majority_vote,0.7,0.68,0.48
0.02,4029,reputation_weighted,0.7,0.68,0.48
0.02,4029,time_decayed,0.66,0.68,0.48
0.05,4000,majority_vote,0.76,1.44,0.22
0.05,4000,reputation_weighted,0.78,1.44,0.22
0.05,4000,time_decayed,0.74,1.44,0.22
0.05,4001,majority_vote,0.58,1.48,0.2
0.05,4001,reputation_weighted,0.62,1.48,0.2
0.05,4001,time_decayed,0.58,1.48,0.2
0.05,4002,majority_vote,0.64,1.48,0.18
0.05,4002,reputation_weighted,0.74,1.48,0.18
0.05,4002,time_decayed,0.72,1.48,0.18
0.05,4003,majority_vote,0.74,1.58,0.2
0.05,4003,reputation_weighted,0.78,1.58,0.2
0.05,4003,time_decayed,0.68,1.58,0.2
0.05,4004,majority_vote,0.68,1.64,0.14
0.05,4004,reputation_weighted,0.68,1.64,0.14
0.05,4004,time_decayed,0.68,1.64,0.14
0.05,4005,majority_vote,0.58,1.72,0.14
0.05,4005,reputation_weighted,0.64,1.72,0.14
0.05,4005,time_decayed,0.64,1.72,0.14
0.05,4006,majority_vote,0.66,1.68,0.22
0.05,4006,reputation_weighted,0.68,1.68,0.22
0.05,4006,time_decayed,0.6,1.68,0.22
0.05,4007,majority_vote,0.52,1.56,0.2
0.05,4007,reputation_weighted,0.62,1.56,0.2
0.05,4007,time_decayed,0.62,1.56,0.2
0.05,4008,majority_vote,0.7,1.62,0.16
0.05,4008,reputation_weighted,0.78,1.62,0.16
0.05,4008,time_decayed,0.76,1.62,0.16
0.05,4009,majority_vote,0.78,1.58,0.2
0.05,4009,reputation_weighted,0.76,1.58,0.2
0.05,4009,time_decayed,0.72,1.58,0.2
0.05,4010,majority_vote,0.64,1.46,0.24
0.05,4010,reputation_weighted,0.68,1.46,0.24
0.05,4010,time_decayed,0.62,1.46,0.24
0.05,4011,majority_vote,0.76,1.36,0.3
0.05,4011,reputation_weighted,0.78,1.36,0.3
0.05,4011,time_decayed,0.76,1.36,0.3
0.05,4012,majority_vote,0.58,1.58,0.16
0.05,4012,reputation_weighted,0.62,1.58,0.16
0.05,4012,time_decayed,0.66,1.58,0.16
0.05,4013,majority_vote,0.74,1.14,0.42
0.05,4013,reputation_weighted,0.8,1.14,0.42
0.05,4013,time_decayed,0.76,1.14,0.42
0.05,4014,majority_vote,0.6,1.28,0.3
0.05,4014,reputation_weighted,0.66,1.28,0.3
0.05,4014,time_decayed,0.56,1.28,0.3
0.05,4015,majority_vote,0.58,1.74,0.14
0.05,4015,reputation_weighted,0.64,1.74,0.14
0.05,4015,time_decayed,0.6,1.74,0.14
0.05,4016,majority_vote,0.58,1.52,0.22
0.05,4016,reputation_weighted,0.58,1.52,0.22
0.05,4016,time_decayed,0.56,1.52,0.22
0.05,4017,majority_vote,0.64,1.44,0.22
0.05,4017,reputation_weighted,0.68,1.44,0.22
0.05,4017,time_decayed,0.68,1.44,0.22
0.05,4018,majority_vote,0.64,1.4,0.24
0.05,4018,reputation_weighted,0.7,1.4,0.24
0.05,4018,time_decayed,0.6,1.4,0.24
0.05,4019,majority_vote,0.64,1.48,0.24
0.05,4019,reputation_weighted,0.7,1.48,0.24
0.05,4019,time_decayed,0.64,1.48,0.24
0.05,4020,majority_vote,0.56,1.7,0.2
0.05,4020,reputation_weighted,0.64,1.7,0.2
0.05,4020,time_decayed,0.6,1.7,0.2
0.05,4021,majority_vote,0.6,1.48,0.24
0.05,4021,reputation_weighted,0.7,1.48,0.24
0.05,4021,time_decayed,0.64,1.48,0.24
0.05,4022,majority_vote,0.7,1.42,0.2
0.05,4022,reputation_weighted,0.72,1.42,0.2
0.05,4022,time_decayed,0.7,1.42,0.2
0.05,4023,majority_vote,0.64,1.7,0.1
0.05,4023,reputation_weighted,0.7,1.7,0.1
0.05,4023,time_decayed,0.64,1.7,0.1
0.05,4024,majority_vote,0.52,1.34,0.2
0.05,4024,reputation_weighted,0.54,1.34,0.2
0.05,4024,time_decayed,0.52,1.34,0.2
0.05,4025,majority_vote,0.72,1.5,0.28
0.05,4025,reputation_weighted,0.78,1.5,0.28
0.05,4025,time_decayed,0.76,1.5,0.28
0.05,4026,majority_vote,0.72,1.62,0.22
0.05,4026,reputation_weighted,0.78,1.62,0.22
0.05,4026,time_decayed,0.74,1.62,0.22
0.05,4027,majority_vote,0.68,1.6,0.12
0.05,4027,reputation_weighted,0.72,1.6,0.12
0.05,4027,time_decayed,0.66,1.6,0.12
0.05,4028,majority_vote,0.62,1.72,0.22
0.05,4028,reputation_weighted,0.64,1.72,0.22
0.05,4028,time_decayed,0.58,1.72,0.22
0.05,4029,majority_vote,0.7,1.74,0.28
0.05,4029,reputation_weighted,0.68,1.74,0.28
0.05,4029,time_decayed,0.62,1.74,0.28
0.1,4000,majority_vote,0.72,2.94,0.02
0.1,4000,reputation_weighted,0.8,2.94,0.02
0.1,4000,time_decayed,0.76,2.94,0.02
0.1,4001,majority_vote,0.5,2.92,0.04
0.1,4001,reputation_weighted,0.76,2.92,0.04
0.1,4001,time_decayed,0.68,2.92,0.04
0.1,4002,majority_vote,0.72,3.04,0.06
0.1,4002,reputation_weighted,0.82,3.04,0.06
0.1,4002,time_decayed,0.7,3.04,0.06
0.1,4003,majority_vote,0.74,2.86,0.02
0.1,4003,reputation_weighted,0.84,2.86,0.02
0.1,4003,time_decayed,0.78,2.86,0.02
0.1,4004,majority_vote,0.68,2.78,0.06
0.1,4004,reputation_weighted,0.74,2.78,0.06
0.1,4004,time_decayed,0.66,2.78,0.06
0.1,4005,majority_vote,0.74,3.22,0.0
0.1,4005,reputation_weighted,0.8,3.22,0.0
0.1,4005,time_decayed,0.76,3.22,0.0
0.1,4006,majority_vote,0.56,2.8,0.08
0.1,4006,reputation_weighted,0.74,2.8,0.08
0.1,4006,time_decayed,0.68,2.8,0.08
0.1,4007,majority_vote,0.58,3.04,0.0
0.1,4007,reputation_weighted,0.72,3.04,0.0
0.1,4007,time_decayed,0.7,3.04,0.0
0.1,4008,majority_vote,0.72,3.14,0.02
0.1,4008,reputation_weighted,0.82,3.14,0.02
0.1,4008,time_decayed,0.82,3.14,0.02
0.1,4009,majority_vote,0.78,3.34,0.02
0.1,4009,reputation_weighted,0.84,3.34,0.02
0.1,4009,time_decayed,0.74,3.34,0.02
0.1,4010,majority_vote,0.64,3.08,0.06
0.1,4010,reputation_weighted,0.8,3.08,0.06
0.1,4010,time_decayed,0.76,3.08,0.06
0.1,4011,majority_vote,0.7,2.9,0.08
0.1,4011,reputation_weighted,0.86,2.9,0.08
0.1,4011,time_decayed,0.68,2.9,0.08
0.1,4012,majority_vote,0.7,3.12,0.04
0.1,4012,reputation_weighted,0.8,3.12,0.04
0.1,4012,time_decayed,0.72,3.12,0.04
0.1,4013,majority_vote,0.66,2.54,0.06
0.1,4013,reputation_weighted,0.72,2.54,0.06
0.1,4013,time_decayed,0.7,2.54,0.06
0.1,4014,majority_vote,0.72,2.9,0.08
0.1,4014,reputation_weighted,0.8,2.9,0.08
0.1,4014,time_decayed,0.74,2.9,0.08
0.1,4015,majority_vote,0.72,2.96,0.04
0.1,4015,reputation_weighted,0.86,2.96,0.04
0.1,4015,time_decayed,0.76,2.96,0.04
0.1,4016,majority_vote,0.56,3.32,0.02
0.1,4016,reputation_weighted,0.72,3.32,0.02
0.1,4016,time_decayed,0.6,3.32,0.02
0.1,4017,majority_vote,0.54,2.94,0.04
0.1,4017,reputation_weighted,0.74,2.94,0.04
0.1,4017,time_decayed,0.66,2.94,0.04
0.1,4018,majority_vote,0.66,2.82,0.1
0.1,4018,reputation_weighted,0.72,2.82,0.1
0.1,4018,time_decayed,0.66,2.82,0.1
0.1,4019,majority_vote,0.7,3.0,0.06
0.1,4019,reputation_weighted,0.88,3.0,0.06
0.1,4019,time_decayed,0.76,3.0,0.06
0.1,4020,majority_vote,0.68,2.96,0.02
0.1,4020,reputation_weighted,0.82,2.96,0.02
0.1,4020,time_decayed,0.82,2.96,0.02
0.1,4021,majority_vote,0.7,2.78,0.04
0.1,4021,reputation_weighted,0.8,2.78,0.04
0.1,4021,time_decayed,0.68,2.78,0.04
0.1,4022,majority_vote,0.6,2.66,0.02
0.1,4022,reputation_weighted,0.7,2.66,0.02
0.1,4022,time_decayed,0.62,2.66,0.02
0.1,4023,majority_vote,0.68,2.86,0.02
0.1,4023,reputation_weighted,0.78,2.86,0.02
0.1,4023,time_decayed,0.66,2.86,0.02
0.1,4024,majority_vote,0.5,2.82,0.06
0.1,4024,reputation_weighted,0.72,2.82,0.06
0.1,4024,time_decayed,0.62,2.82,0.06
0.1,4025,majority_vote,0.6,2.8,0.04
0.1,4025,reputation_weighted,0.74,2.8,0.04
0.1,4025,time_decayed,0.64,2.8,0.04
0.1,4026,majority_vote,0.74,3.08,0.08
0.1,4026,reputation_weighted,0.78,3.08,0.08
0.1,4026,time_decayed,0.76,3.08,0.08
0.1,4027,majority_vote,0.76,3.26,0.02
0.1,4027,reputation_weighted,0.92,3.26,0.02
0.1,4027,time_decayed,0.78,3.26,0.02
0.1,4028,majority_vote,0.68,3.14,0.02
0.1,4028,reputation_weighted,0.78,3.14,0.02
0.1,4028,time_decayed,0.76,3.14,0.02
0.1,4029,majority_vote,0.68,3.42,0.02
0.1,4029,reputation_weighted,0.82,3.42,0.02
0.1,4029,time_decayed,0.8,3.42,0.02
0.15,4000,majority_vote,0.76,4.54,0.0
0.15,4000,reputation_weighted,0.86,4.54,0.0
0.15,4000,time_decayed,0.88,4.54,0.0
0.15,4001,majority_vote,0.62,4.4,0.02
0.15,4001,reputation_weighted,0.8,4.4,0.02
0.15,4001,time_decayed,0.74,4.4,0.02
0.15,4002,majority_vote,0.68,4.52,0.02
0.15,4002,reputation_weighted,0.94,4.52,0.02
0.15,4002,time_decayed,0.92,4.52,0.02
0.15,4003,majority_vote,0.64,4.52,0.0
0.15,4003,reputation_weighted,0.88,4.52,0.0
0.15,4003,time_decayed,0.86,4.52,0.0
0.15,4004,majority_vote,0.64,4.42,0.02
0.15,4004,reputation_weighted,0.82,4.42,0.02
0.15,4004,time_decayed,0.8,4.42,0.02
0.15,4005,majority_vote,0.68,4.7,0.0
0.15,4005,reputation_weighted,0.86,4.7,0.0
0.15,4005,time_decayed,0.82,4.7,0.0
0.15,4006,majority_vote,0.54,4.28,0.04
0.15,4006,reputation_weighted,0.82,4.28,0.04
0.15,4006,time_decayed,0.68,4.28,0.04
0.15,4007,majority_vote,0.72,4.58,0.0
0.15,4007,reputation_weighted,0.94,4.58,0.0
0.15,4007,time_decayed,0.82,4.58,0.0
0.15,4008,majority_vote,0.78,5.22,0.0
0.15,4008,reputation_weighted,0.88,5.22,0.0
0.15,4008,time_decayed,0.76,5.22,0.0
0.15,4009,majority_vote,0.68,4.58,0.0
0.15,4009,reputation_weighted,0.9,4.58,0.0
0.15,4009,time_decayed,0.78,4.58,0.0
0.15,4010,majority_vote,0.68,4.3,0.02
0.15,4010,reputation_weighted,0.78,4.3,0.02
0.15,4010,time_decayed,0.76,4.3,0.02
0.15,4011,majority_vote,0.78,4.66,0.02
0.15,4011,reputation_weighted,0.98,4.66,0.02
0.15,4011,time_decayed,0.96,4.66,0.02
0.15,4012,majority_vote,0.66,4.44,0.02
0.15,4012,reputation_weighted,0.82,4.44,0.02
0.15,4012,time_decayed,0.78,4.44,0.02
0.15,4013,majority_vote,0.66,4.1,0.0
0.15,4013,reputation_weighted,0.88,4.1,0.0
0.15,4013,time_decayed,0.82,4.1,0.0
0.15,4014,majority_vote,0.56,4.3,0.02
0.15,4014,reputation_weighted,0.8,4.3,0.02
0.15,4014,time_decayed,0.74,4.3,0.02
0.15,4015,majority_vote,0.64,4.46,0.0
0.15,4015,reputation_weighted,0.82,4.46,0.0
0.15,4015,time_decayed,0.78,4.46,0.0
0.15,4016,majority_vote,0.66,4.76,0.0
0.15,4016,reputation_weighted,0.88,4.76,0.0
0.15,4016,time_decayed,0.84,4.76,0.0
0.15,4017,majority_vote,0.62,4.42,0.0
0.15,4017,reputation_weighted,0.92,4.42,0.0
0.15,4017,time_decayed,0.82,4.42,0.0
0.15,4018,majority_vote,0.58,4.4,0.0
0.15,4018,reputation_weighted,0.76,4.4,0.0
0.15,4018,time_decayed,0.66,4.4,0.0
0.15,4019,majority_vote,0.76,4.58,0.0
0.15,4019,reputation_weighted,0.9,4.58,0.0
0.15,4019,time_decayed,0.86,4.58,0.0
0.15,4020,majority_vote,0.74,4.66,0.02
0.15,4020,reputation_weighted,0.94,4.66,0.02
0.15,4020,time_decayed,0.76,4.66,0.02
0.15,4021,majority_vote,0.72,3.98,0.0
0.15,4021,reputation_weighted,0.9,3.98,0.0
0.15,4021,time_decayed,0.78,3.98,0.0
0.15,4022,majority_vote,0.78,4.16,0.0
0.15,4022,reputation_weighted,0.88,4.16,0.0
0.15,4022,time_decayed,0.84,4.16,0.0
0.15,4023,majority_vote,0.72,4.36,0.0
0.15,4023,reputation_weighted,0.9,4.36,0.0
0.15,4023,time_decayed,0.78,4.36,0.0
0.15,4024,majority_vote,0.7,4.16,0.0
0.15,4024,reputation_weighted,0.88,4.16,0.0
0.15,4024,time_decayed,0.82,4.16,0.0
0.15,4025,majority_vote,0.66,4.28,0.0
0.15,4025,reputation_weighted,0.8,4.28,0.0
0.15,4025,time_decayed,0.8,4.28,0.0
0.15,4026,majority_vote,0.66,4.56,0.04
0.15,4026,reputation_weighted,0.88,4.56,0.04
0.15,4026,time_decayed,0.78,4.56,0.04
0.15,4027,majority_vote,0.76,4.74,0.0
0.15,4027,reputation_weighted,0.92,4.74,0.0
0.15,4027,time_decayed,0.84,4.74,0.0
0.15,4028,majority_vote,0.7,4.34,0.0
0.15,4028,reputation_weighted,0.86,4.34,0.0
0.15,4028,time_decayed,0.78,4.34,0.0
0.15,4029,majority_vote,0.62,4.88,0.0
0.15,4029,reputation_weighted,0.88,4.88,0.0
0.15,4029,time_decayed,0.78,4.88,0.0
0.2,4000,majority_vote,0.74,5.94,0.0
0.2,4000,reputation_weighted,0.98,5.94,0.0
0.2,4000,time_decayed,0.92,5.94,0.0
0.2,4001,majority_vote,0.48,5.86,0.0
0.2,4001,reputation_weighted,0.84,5.86,0.0
0.2,4001,time_decayed,0.84,5.86,0.0
0.2,4002,majority_vote,0.78,6.06,0.0
0.2,4002,reputation_weighted,0.98,6.06,0.0
0.2,4002,time_decayed,0.88,6.06,0.0
0.2,4003,majority_vote,0.66,5.8,0.0
0.2,4003,reputation_weighted,0.9,5.8,0.0
0.2,4003,time_decayed,0.84,5.8,0.0
0.2,4004,majority_vote,0.56,5.78,0.02
0.2,4004,reputation_weighted,0.88,5.78,0.02
0.2,4004,time_decayed,0.8,5.78,0.02
0.2,4005,majority_vote,0.78,6.5,0.0
0.2,4005,reputation_weighted,0.96,6.5,0.0
0.2,4005,time_decayed,0.9,6.5,0.0
0.2,4006,majority_vote,0.72,5.8,0.0
0.2,4006,reputation_weighted,0.88,5.8,0.0
0.2,4006,time_decayed,0.9,5.8,0.0
0.2,4007,majority_vote,0.64,6.16,0.0
0.2,4007,reputation_weighted,0.92,6.16,0.0
0.2,4007,time_decayed,0.9,6.16,0.0
0.2,4008,majority_vote,0.56,6.94,0.0
0.2,4008,reputation_weighted,1.0,6.94,0.0
0.2,4008,time_decayed,0.9,6.94,0.0
0.2,4009,majority_vote,0.68,6.1,0.0
0.2,4009,reputation_weighted,0.92,6.1,0.0
0.2,4009,time_decayed,0.9,6.1,0.0
0.2,4010,majority_vote,0.7,6.06,0.0
0.2,4010,reputation_weighted,0.88,6.06,0.0
0.2,4010,time_decayed,0.76,6.06,0.0
0.2,4011,majority_vote,0.82,6.0,0.02
0.2,4011,reputation_weighted,0.9,6.0,0.02
0.2,4011,time_decayed,0.92,6.0,0.02
0.2,4012,majority_vote,0.68,5.8,0.0
0.2,4012,reputation_weighted,0.92,5.8,0.0
0.2,4012,time_decayed,0.86,5.8,0.0
0.2,4013,majority_vote,0.78,5.54,0.0
0.2,4013,reputation_weighted,0.98,5.54,0.0
0.2,4013,time_decayed,0.86,5.54,0.0
0.2,4014,majority_vote,0.72,5.96,0.0
0.2,4014,reputation_weighted,0.9,5.96,0.0
0.2,4014,time_decayed,0.84,5.96,0.0
0.2,4015,majority_vote,0.68,6.16,0.0
0.2,4015,reputation_weighted,0.94,6.16,0.0
0.2,4015,time_decayed,0.88,6.16,0.0
0.2,4016,majority_vote,0.66,6.12,0.0
0.2,4016,reputation_weighted,0.94,6.12,0.0
0.2,4016,time_decayed,0.86,6.12,0.0
0.2,4017,majority_vote,0.74,6.22,0.02
0.2,4017,reputation_weighted,0.94,6.22,0.02
0.2,4017,time_decayed,0.92,6.22,0.02
0.2,4018,majority_vote,0.64,5.9,0.0
0.2,4018,reputation_weighted,0.9,5.9,0.0
0.2,4018,time_decayed,0.8,5.9,0.0
0.2,4019,majority_vote,0.74,6.08,0.0
0.2,4019,reputation_weighted,0.98,6.08,0.0
0.2,4019,time_decayed,0.96,6.08,0.0
0.2,4020,majority_vote,0.6,5.82,0.0
0.2,4020,reputation_weighted,0.92,5.82,0.0
0.2,4020,time_decayed,0.82,5.82,0.0
0.2,4021,majority_vote,0.72,5.58,0.0
0.2,4021,reputation_weighted,0.94,5.58,0.0
0.2,4021,time_decayed,0.9,5.58,0.0
0.2,4022,majority_vote,0.72,5.6,0.0
0.2,4022,reputation_weighted,0.94,5.6,0.0
0.2,4022,time_decayed,0.82,5.6,0.0
0.2,4023,majority_vote,0.8,5.92,0.0
0.2,4023,reputation_weighted,0.9,5.92,0.0
0.2,4023,time_decayed,0.84,5.92,0.0
0.2,4024,majority_vote,0.66,5.48,0.0
0.2,4024,reputation_weighted,0.86,5.48,0.0
0.2,4024,time_decayed,0.84,5.48,0.0
0.2,4025,majority_vote,0.68,5.5,0.0
0.2,4025,reputation_weighted,0.88,5.5,0.0
0.2,4025,time_decayed,0.84,5.5,0.0
0.2,4026,majority_vote,0.66,6.26,0.0
0.2,4026,reputation_weighted,0.9,6.26,0.0
0.2,4026,time_decayed,0.84,6.26,0.0
0.2,4027,majority_vote,0.7,6.36,0.0
0.2,4027,reputation_weighted,0.94,6.36,0.0
0.2,4027,time_decayed,0.88,6.36,0.0
0.2,4028,majority_vote,0.66,5.78,0.0
0.2,4028,reputation_weighted,0.96,5.78,0.0
0.2,4028,time_decayed,0.92,5.78,0.0
0.2,4029,majority_vote,0.78,6.3,0.0
0.2,4029,reputation_weighted,0.98,6.3,0.0
0.2,4029,time_decayed,0.9,6.3,0.0
0.3,4000,majority_vote,0.74,9.18,0.0
0.3,4000,reputation_weighted,1.0,9.18,0.0
0.3,4000,time_decayed,0.96,9.18,0.0
0.3,4001,majority_vote,0.66,8.24,0.0
0.3,4001,reputation_weighted,0.96,8.24,0.0
0.3,4001,time_decayed,0.88,8.24,0.0
0.3,4002,majority_vote,0.72,9.24,0.0
0.3,4002,reputation_weighted,0.98,9.24,0.0
0.3,4002,time_decayed,0.96,9.24,0.0
0.3,4003,majority_vote,0.76,8.82,0.0
0.3,4003,reputation_weighted,0.98,8.82,0.0
0.3,4003,time_decayed,0.96,8.82,0.0
0.3,4004,majority_vote,0.72,8.76,0.0
0.3,4004,reputation_weighted,0.94,8.76,0.0
0.3,4004,time_decayed,0.92,8.76,0.0
0.3,4005,majority_vote,0.76,9.5,0.0
0.3,4005,reputation_weighted,0.98,9.5,0.0
0.3,4005,time_decayed,0.96,9.5,0.0
0.3,4006,majority_vote,0.56,8.66,0.0
0.3,4006,reputation_weighted,0.96,8.66,0.0
0.3,4006,time_decayed,0.88,8.66,0.0
0.3,4007,majority_vote,0.82,8.62,0.0
0.3,4007,reputation_weighted,0.98,8.62,0.0
0.3,4007,time_decayed,0.94,8.62,0.0
0.3,4008,majority_vote,0.64,9.44,0.0
0.3,4008,reputation_weighted,0.96,9.44,0.0
0.3,4008,time_decayed,0.9,9.44,0.0
0.3,4009,majority_vote,0.8,8.62,0.0
0.3,4009,reputation_weighted,0.98,8.62,0.0
0.3,4009,time_decayed,0.86,8.62,0.0
0.3,4010,majority_vote,0.8,9.24,0.0
0.3,4010,reputation_weighted,1.0,9.24,0.0
0.3,4010,time_decayed,0.98,9.24,0.0
0.3,4011,majority_vote,0.78,9.12,0.0
0.3,4011,reputation_weighted,0.98,9.12,0.0
0.3,4011,time_decayed,0.96,9.12,0.0
0.3,4012,majority_vote,0.72,8.82,0.0
0.3,4012,reputation_weighted,0.98,8.82,0.0
0.3,4012,time_decayed,0.94,8.82,0.0
0.3,4013,majority_vote,0.74,8.54,0.0
0.3,4013,reputation_weighted,0.94,8.54,0.0
0.3,4013,time_decayed,0.92,8.54,0.0
0.3,4014,majority_vote,0.74,9.28,0.0
0.3,4014,reputation_weighted,0.94,9.28,0.0
0.3,4014,time_decayed,0.86,9.28,0.0
0.3,4015,majority_vote,0.78,8.82,0.0
0.3,4015,reputation_weighted,1.0,8.82,0.0
0.3,4015,time_decayed,0.94,8.82,0.0
0.3,4016,majority_vote,0.8,9.54,0.0
0.3,4016,reputation_weighted,0.98,9.54,0.0
0.3,4016,time_decayed,0.98,9.54,0.0
0.3,4017,majority_vote,0.86,9.46,0.0
0.3,4017,reputation_weighted,1.0,9.46,0.0
0.3,4017,time_decayed,0.96,9.46,0.0
0.3,4018,majority_vote,0.7,8.96,0.0
0.3,4018,reputation_weighted,0.96,8.96,0.0
0.3,4018,time_decayed,0.84,8.96,0.0
0.3,4019,majority_vote,0.84,9.26,0.0
0.3,4019,reputation_weighted,0.96,9.26,0.0
0.3,4019,time_decayed,0.96,9.26,0.0
0.3,4020,majority_vote,0.72,8.6,0.0
0.3,4020,reputation_weighted,1.0,8.6,0.0
0.3,4020,time_decayed,0.96,8.6,0.0
0.3,4021,majority_vote,0.76,8.86,0.0
0.3,4021,reputation_weighted,0.98,8.86,0.0
0.3,4021,time_decayed,0.96,8.86,0.0
0.3,4022,majority_vote,0.74,8.8,0.0
0.3,4022,reputation_weighted,0.96,8.8,0.0
0.3,4022,time_decayed,0.92,8.8,0.0
0.3,4023,majority_vote,0.7,8.46,0.0
0.3,4023,reputation_weighted,0.96,8.46,0.0
0.3,4023,time_decayed,0.94,8.46,0.0
0.3,4024,majority_vote,0.74,8.48,0.0
0.3,4024,reputation_weighted,1.0,8.48,0.0
0.3,4024,time_decayed,0.96,8.48,0.0
0.3,4025,majority_vote,0.7,8.18,0.0
0.3,4025,reputation_weighted,1.0,8.18,0.0
0.3,4025,time_decayed,0.94,8.18,0.0
0.3,4026,majority_vote,0.86,9.32,0.0
0.3,4026,reputation_weighted,0.98,9.32,0.0
0.3,4026,time_decayed,0.94,9.32,0.0
0.3,4027,majority_vote,0.92,9.0,0.0
0.3,4027,reputation_weighted,0.98,9.0,0.0
0.3,4027,time_decayed,1.0,9.0,0.0
0.3,4028,majority_vote,0.7,8.9,0.0
0.3,4028,reputation_weighted,0.96,8.9,0.0
0.3,4028,time_decayed,0.9,8.9,0.0
0.3,4029,majority_vote,0.78,9.06,0.0
0.3,4029,reputation_weighted,0.98,9.06,0.0
0.3,4029,time_decayed,0.98,9.06,0.0
0.4,4000,majority_vote,0.86,11.92,0.0
0.4,4000,reputation_weighted,1.0,11.92,0.0
0.4,4000,time_decayed,0.98,11.92,0.0
0.4,4001,majority_vote,0.64,10.94,0.0
0.4,4001,reputation_weighted,0.96,10.94,0.0
0.4,4001,time_decayed,0.96,10.94,0.0
0.4,4002,majority_vote,0.9,12.24,0.0
0.4,4002,reputation_weighted,1.0,12.24,0.0
0.4,4002,time_decayed,0.98,12.24,0.0
0.4,4003,majority_vote,0.78,11.78,0.0
0.4,4003,reputation_weighted,1.0,11.78,0.0
0.4,4003,time_decayed,0.98,11.78,0.0
0.4,4004,majority_vote,0.76,12.24,0.0
0.4,4004,reputation_weighted,1.0,12.24,0.0
0.4,4004,time_decayed,0.98,12.24,0.0
0.4,4005,majority_vote,0.74,12.32,0.0
0.4,4005,reputation_weighted,0.98,12.32,0.0
0.4,4005,time_decayed,0.98,12.32,0.0
0.4,4006,majority_vote,0.7,12.04,0.0
0.4,4006,reputation_weighted,0.96,12.04,0.0
0.4,4006,time_decayed,0.94,12.04,0.0
0.4,4007,majority_vote,0.82,12.02,0.0
0.4,4007,reputation_weighted,1.0,12.02,0.0
0.4,4007,time_decayed,0.98,12.02,0.0
0.4,4008,majority_vote,0.8,12.68,0.0
0.4,4008,reputation_weighted,0.96,12.68,0.0
0.4,4008,time_decayed,0.96,12.68,0.0
0.4,4009,majority_vote,0.8,11.42,0.0
0.4,4009,reputation_weighted,0.94,11.42,0.0
0.4,4009,time_decayed,0.98,11.42,0.0
0.4,4010,majority_vote,0.8,11.66,0.0
0.4,4010,reputation_weighted,1.0,11.66,0.0
0.4,4010,time_decayed,0.9,11.66,0.0
0.4,4011,majority_vote,0.84,11.98,0.0
0.4,4011,reputation_weighted,1.0,11.98,0.0
0.4,4011,time_decayed,0.98,11.98,0.0
0.4,4012,majority_vote,0.76,11.56,0.0
0.4,4012,reputation_weighted,1.0,11.56,0.0
0.4,4012,time_decayed,0.98,11.56,0.0
0.4,4013,majority_vote,0.72,11.9,0.0
0.4,4013,reputation_weighted,1.0,11.9,0.0
0.4,4013,time_decayed,0.96,11.9,0.0
0.4,4014,majority_vote,0.88,12.32,0.0
0.4,4014,reputation_weighted,1.0,12.32,0.0
0.4,4014,time_decayed,1.0,12.32,0.0
0.4,4015,majority_vote,0.76,11.46,0.0
0.4,4015,reputation_weighted,0.96,11.46,0.0
0.4,4015,time_decayed,0.94,11.46,0.0
0.4,4016,majority_vote,0.74,12.28,0.0
0.4,4016,reputation_weighted,0.96,12.28,0.0
0.4,4016,time_decayed,0.92,12.28,0.0
0.4,4017,majority_vote,0.74,12.2,0.0
0.4,4017,reputation_weighted,1.0,12.2,0.0
0.4,4017,time_decayed,0.98,12.2,0.0
0.4,4018,majority_vote,0.82,11.96,0.0
0.4,4018,reputation_weighted,1.0,11.96,0.0
0.4,4018,time_decayed,1.0,11.96,0.0
0.4,4019,majority_vote,0.88,12.32,0.0
0.4,4019,reputation_weighted,1.0,12.32,0.0
0.4,4019,time_decayed,0.98,12.32,0.0
0.4,4020,majority_vote,0.6,11.56,0.0
0.4,4020,reputation_weighted,0.98,11.56,0.0
0.4,4020,time_decayed,0.96,11.56,0.0
0.4,4021,majority_vote,0.72,11.88,0.0
0.4,4021,reputation_weighted,1.0,11.88,0.0
0.4,4021,time_decayed,0.92,11.88,0.0
0.4,4022,majority_vote,0.74,12.16,0.0
0.4,4022,reputation_weighted,1.0,12.16,0.0
0.4,4022,time_decayed,0.98,12.16,0.0
0.4,4023,majority_vote,0.84,11.54,0.0
0.4,4023,reputation_weighted,1.0,11.54,0.0
0.4,4023,time_decayed,0.96,11.54,0.0
0.4,4024,majority_vote,0.72,11.5,0.0
0.4,4024,reputation_weighted,0.98,11.5,0.0
0.4,4024,time_decayed,1.0,11.5,0.0
0.4,4025,majority_vote,0.82,11.7,0.0
0.4,4025,reputation_weighted,1.0,11.7,0.0
0.4,4025,time_decayed,0.92,11.7,0.0
0.4,4026,majority_vote,0.74,12.42,0.0
0.4,4026,reputation_weighted,1.0,12.42,0.0
0.4,4026,time_decayed,1.0,12.42,0.0
0.4,4027,majority_vote,0.88,12.14,0.0
0.4,4027,reputation_weighted,0.98,12.14,0.0
0.4,4027,time_decayed,0.94,12.14,0.0
0.4,4028,majority_vote,0.76,12.1,0.0
0.4,4028,reputation_weighted,0.98,12.1,0.0
0.4,4028,time_decayed,0.98,12.1,0.0
0.4,4029,majority_vote,0.7,12.84,0.0
0.4,4029,reputation_weighted,1.0,12.84,0.0
0.4,4029,time_decayed,0.96,12.84,0.0
0.5,4000,majority_vote,0.88,15.02,0.0
0.5,4000,reputation_weighted,0.98,15.02,0.0
0.5,4000,time_decayed,1.0,15.02,0.0
0.5,4001,majority_vote,0.8,14.48,0.0
0.5,4001,reputation_weighted,1.0,14.48,0.0
0.5,4001,time_decayed,0.98,14.48,0.0
0.5,4002,majority_vote,0.9,14.92,0.0
0.5,4002,reputation_weighted,1.0,14.92,0.0
0.5,4002,time_decayed,1.0,14.92,0.0
0.5,4003,majority_vote,0.74,14.54,0.0
0.5,4003,reputation_weighted,1.0,14.54,0.0
0.5,4003,time_decayed,0.9,14.54,0.0
0.5,4004,majority_vote,0.82,15.34,0.0
0.5,4004,reputation_weighted,1.0,15.34,0.0
0.5,4004,time_decayed,1.0,15.34,0.0
0.5,4005,majority_vote,0.82,14.78,0.0
0.5,4005,reputation_weighted,0.96,14.78,0.0
0.5,4005,time_decayed,0.92,14.78,0.0
0.5,4006,majority_vote,0.64,15.46,0.0
0.5,4006,reputation_weighted,0.98,15.46,0.0
0.5,4006,time_decayed,0.96,15.46,0.0
0.5,4007,majority_vote,0.84,15.26,0.0
0.5,4007,reputation_weighted,1.0,15.26,0.0
0.5,4007,time_decayed,1.0,15.26,0.0
0.5,4008,majority_vote,0.8,15.24,0.0
0.5,4008,reputation_weighted,1.0,15.24,0.0
0.5,4008,time_decayed,0.94,15.24,0.0
0.5,4009,majority_vote,0.88,14.28,0.0
0.5,4009,reputation_weighted,1.0,14.28,0.0
0.5,4009,time_decayed,1.0,14.28,0.0
0.5,4010,majority_vote,0.8,15.36,0.0
0.5,4010,reputation_weighted,1.0,15.36,0.0
0.5,4010,time_decayed,0.94,15.36,0.0
0.5,4011,majority_vote,0.88,15.6,0.0
0.5,4011,reputation_weighted,1.0,15.6,0.0
0.5,4011,time_decayed,1.0,15.6,0.0
0.5,4012,majority_vote,0.82,14.54,0.0
0.5,4012,reputation_weighted,1.0,14.54,0.0
0.5,4012,time_decayed,0.94,14.54,0.0
0.5,4013,majority_vote,0.78,15.6,0.0
0.5,4013,reputation_weighted,1.0,15.6,0.0
0.5,4013,time_decayed,0.98,15.6,0.0
0.5,4014,majority_vote,0.82,15.5,0.0
0.5,4014,reputation_weighted,1.0,15.5,0.0
0.5,4014,time_decayed,0.98,15.5,0.0
0.5,4015,majority_vote,0.8,14.52,0.0
0.5,4015,reputation_weighted,1.0,14.52,0.0
0.5,4015,time_decayed,0.98,14.52,0.0
0.5,4016,majority_vote,0.72,15.66,0.0
0.5,4016,reputation_weighted,1.0,15.66,0.0
0.5,4016,time_decayed,1.0,15.66,0.0
0.5,4017,majority_vote,0.88,14.98,0.0
0.5,4017,reputation_weighted,1.0,14.98,0.0
0.5,4017,time_decayed,1.0,14.98,0.0
0.5,4018,majority_vote,0.84,15.4,0.0
0.5,4018,reputation_weighted,1.0,15.4,0.0
0.5,4018,time_decayed,0.98,15.4,0.0
0.5,4019,majority_vote,0.88,14.54,0.0
0.5,4019,reputation_weighted,1.0,14.54,0.0
0.5,4019,time_decayed,1.0,14.54,0.0
0.5,4020,majority_vote,0.74,14.8,0.0
0.5,4020,reputation_weighted,1.0,14.8,0.0
0.5,4020,time_decayed,0.98,14.8,0.0
0.5,4021,majority_vote,0.86,14.52,0.0
0.5,4021,reputation_weighted,1.0,14.52,0.0
0.5,4021,time_decayed,0.98,14.52,0.0
0.5,4022,majority_vote,0.82,15.08,0.0
0.5,4022,reputation_weighted,1.0,15.08,0.0
0.5,4022,time_decayed,1.0,15.08,0.0
0.5,4023,majority_vote,0.88,14.36,0.0
0.5,4023,reputation_weighted,1.0,14.36,0.0
0.5,4023,time_decayed,0.98,14.36,0.0
0.5,4024,majority_vote,0.78,14.64,0.0
0.5,4024,reputation_weighted,0.98,14.64,0.0
0.5,4024,time_decayed,0.98,14.64,0.0
0.5,4025,majority_vote,0.92,14.88,0.0
0.5,4025,reputation_weighted,1.0,14.88,0.0
0.5,4025,time_decayed,0.98,14.88,0.0
0.5,4026,majority_vote,0.92,15.68,0.0
0.5,4026,reputation_weighted,1.0,15.68,0.0
0.5,4026,time_decayed,1.0,15.68,0.0
0.5,4027,majority_vote,0.88,14.38,0.0
0.5,4027,reputation_weighted,1.0,14.38,0.0
0.5,4027,time_decayed,1.0,14.38,0.0
0.5,4028,majority_vote,0.86,14.54,0.0
0.5,4028,reputation_weighted,1.0,14.54,0.0
0.5,4028,time_decayed,0.96,14.54,0.0
0.5,4029,majority_vote,0.8,15.24,0.0
0.5,4029,reputation_weighted,0.98,15.24,0.0
0.5,4029,time_decayed,1.0,15.24,0.0
