sweep,parameter,comparison,n_seeds,mean_diff_pts,p_raw,p_holm,significant_holm,rank_biserial,effect_magnitude
density,0.02,reputation_weighted vs majority_vote,30,1.333333333333334,0.0007527454282757943,0.009785690567585326,yes,1.0,large
density,0.02,time_decayed vs majority_vote,30,-0.2666666666666652,0.6937909449581667,1.0,no,-0.11029411764705882,small
density,0.02,time_decayed vs reputation_weighted,30,-1.5999999999999994,0.0005244422602019279,0.007342191642826991,yes,-0.9122807017543859,large
density,0.05,reputation_weighted vs majority_vote,30,4.400000000000001,6.6883707488079834e-06,0.00022740460545947144,yes,0.9704433497536946,large
density,0.05,time_decayed vs majority_vote,30,0.4666666666666675,0.5313569457115223,1.0,no,0.14855072463768115,small
density,0.05,time_decayed vs reputation_weighted,30,-3.933333333333334,2.8084552988439894e-05,0.0007301983776994373,yes,-0.9344729344729344,large
density,0.1,reputation_weighted vs majority_vote,30,12.266666666666666,1.6741785256701667e-06,0.0001225601172619301,yes,1.0,large
density,0.1,time_decayed vs majority_vote,30,5.0,0.00011425978561212047,0.0022851957122424094,yes,0.8160919540229885,large
density,0.1,time_decayed vs reputation_weighted,30,-7.266666666666666,3.6335474873107823e-06,0.00015139128048086956,yes,-1.0,large
density,0.15,reputation_weighted vs majority_vote,30,18.933333333333334,1.6720605779929798e-06,0.0001225601172619301,yes,1.0,large
density,0.15,time_decayed vs majority_vote,30,12.133333333333333,1.9752367313078763e-06,0.0001225601172619301,yes,0.9935483870967742,large
density,0.15,time_decayed vs reputation_weighted,30,-6.800000000000001,3.96330272210253e-06,0.0001585321088841012,yes,-0.9793103448275862,large
density,0.2,reputation_weighted vs majority_vote,30,23.4,1.6353572673162812e-06,0.0001225601172619301,yes,1.0,large
density,0.2,time_decayed vs majority_vote,30,17.666666666666668,1.6901346861081542e-06,0.0001225601172619301,yes,1.0,large
density,0.2,time_decayed vs reputation_weighted,30,-5.7333333333333325,6.220605567399994e-06,0.0002177211948589998,yes,-0.9586206896551724,large
density,0.3,reputation_weighted vs majority_vote,30,22.33333333333333,1.6146879846587206e-06,0.0001225601172619301,yes,1.0,large
density,0.3,time_decayed vs majority_vote,30,18.33333333333333,1.6901346861081542e-06,0.0001225601172619301,yes,1.0,large
density,0.3,time_decayed vs reputation_weighted,30,-4.0,1.042519795264479e-05,0.0003127559385793437,yes,-0.9656084656084656,large
density,0.4,reputation_weighted vs majority_vote,30,21.266666666666666,1.6944110497108893e-06,0.0001225601172619301,yes,1.0,large
density,0.4,time_decayed vs majority_vote,30,19.066666666666666,1.6997692098403257e-06,0.0001225601172619301,yes,1.0,large
density,0.4,time_decayed vs reputation_weighted,30,-2.2000000000000006,0.0004316698055672218,0.006906716889075549,yes,-0.8152173913043478,large
density,0.5,reputation_weighted vs majority_vote,30,16.933333333333334,1.6562472074528498e-06,0.0001225601172619301,yes,1.0,large
density,0.5,time_decayed vs majority_vote,30,15.2,1.6291333971178228e-06,0.0001225601172619301,yes,1.0,large
density,0.5,time_decayed vs reputation_weighted,30,-1.7333333333333343,0.0010683521411439694,0.012173680721123396,yes,-0.847953216374269,large
adversarial,0.0,reputation_weighted vs majority_vote,30,0.6666666666666672,0.0038924171227786276,0.038924171227786276,yes,0.8333333333333334,large
adversarial,0.0,time_decayed vs majority_vote,30,-1.6666666666666674,0.006502231593613016,0.05201785274890413,no,-0.6623376623376623,large
adversarial,0.0,time_decayed vs reputation_weighted,30,-2.333333333333335,0.00024373267860728235,0.004387188214931083,yes,-0.9421052631578948,large
adversarial,0.1,reputation_weighted vs majority_vote,30,3.533333333333335,2.2363287522999607e-05,0.0006184671658478204,yes,1.0,large
adversarial,0.1,time_decayed vs majority_vote,30,1.6666666666666676,0.00409538724495434,0.038924171227786276,yes,0.6702898550724637,large
adversarial,0.1,time_decayed vs reputation_weighted,30,-1.866666666666667,0.00043971548445820877,0.006906716889075549,yes,-0.9181286549707602,large
adversarial,0.2,reputation_weighted vs majority_vote,30,9.6,1.6489105134644262e-06,0.0001225601172619301,yes,1.0,large
adversarial,0.2,time_decayed vs majority_vote,30,6.666666666666665,6.780190592529483e-06,0.00022740460545947144,yes,0.9894179894179894,large
adversarial,0.2,time_decayed vs reputation_weighted,30,-2.933333333333333,8.106872084200729e-05,0.0018645805793661677,yes,-0.8632478632478633,large
adversarial,0.3,reputation_weighted vs majority_vote,30,23.799999999999997,1.5569748903700368e-06,0.00012144404144886287,yes,1.0,large
adversarial,0.3,time_decayed vs majority_vote,30,19.599999999999998,1.5891588884296042e-06,0.00012236523440907953,yes,1.0,large
adversarial,0.3,time_decayed vs reputation_weighted,30,-4.199999999999999,3.4083392418961535e-05,0.0008520848104740384,yes,-0.9047619047619048,large
adversarial,0.4,reputation_weighted vs majority_vote,30,40.46666666666666,1.6879998873377657e-06,0.0001225601172619301,yes,1.0,large
adversarial,0.4,time_decayed vs majority_vote,30,36.266666666666666,1.715928675058691e-06,0.0001225601172619301,yes,1.0,large
adversarial,0.4,time_decayed vs reputation_weighted,30,-4.1999999999999975,2.1031322024475708e-05,0.0006099083387097955,yes,-0.9692307692307692,large
adversarial,0.5,reputation_weighted vs majority_vote,30,59.0,1.7116069924114545e-06,0.0001225601172619301,yes,1.0,large
adversarial,0.5,time_decayed vs majority_vote,30,53.6,1.6848019127233959e-06,0.0001225601172619301,yes,1.0,large
adversarial,0.5,time_decayed vs reputation_weighted,30,-5.399999999999997,7.510662600324449e-06,0.00024034120321038237,yes,-0.9841269841269841,large
adversarial,0.6,reputation_weighted vs majority_vote,30,74.86666666666667,1.6848019127233959e-06,0.0001225601172619301,yes,1.0,large
adversarial,0.6,time_decayed vs majority_vote,30,68.73333333333333,1.700842538286186e-06,0.0001225601172619301,yes,1.0,large
adversarial,0.6,time_decayed vs reputation_weighted,30,-6.133333333333335,4.386451178588849e-06,0.00016668514478637627,yes,-0.9747126436781609,large
adversarial,0.7,reputation_weighted vs majority_vote,30,80.73333333333333,1.7083716990437346e-06,0.0001225601172619301,yes,1.0,large
adversarial,0.7,time_decayed vs majority_vote,30,71.66666666666667,1.6816090007658749e-06,0.0001225601172619301,yes,1.0,large
adversarial,0.7,time_decayed vs reputation_weighted,30,-9.066666666666666,4.22134151379608e-06,0.00016463231903804713,yes,-0.9770114942528736,large
adversarial,0.8,reputation_weighted vs majority_vote,30,72.06666666666666,1.7105279932400781e-06,0.0001225601172619301,yes,1.0,large
adversarial,0.8,time_decayed vs majority_vote,30,58.46666666666667,1.6457745401868774e-06,0.0001225601172619301,yes,1.0,large
adversarial,0.8,time_decayed vs reputation_weighted,30,-13.600000000000001,1.6826727426224771e-06,0.0001225601172619301,yes,-1.0,large
staleness,0.0,reputation_weighted vs majority_vote,30,0.20000000000000018,0.25683925795785656,1.0,no,0.42857142857142855,medium
staleness,0.0,time_decayed vs majority_vote,30,-2.200000000000002,9.968734362535255e-05,0.0020934342161324036,yes,-1.0,large
staleness,0.0,time_decayed vs reputation_weighted,30,-2.400000000000002,6.411389614474337e-05,0.001538733507473841,yes,-0.9565217391304348,large
staleness,0.1,reputation_weighted vs majority_vote,30,0.6000000000000002,0.029362903613305135,0.1761774216798308,no,0.6593406593406593,large
staleness,0.1,time_decayed vs majority_vote,30,0.13333333333333347,0.932669125405972,1.0,no,0.021052631578947368,negligible
staleness,0.1,time_decayed vs reputation_weighted,30,-0.46666666666666673,0.18860968864862926,0.9430484432431463,no,-0.32857142857142857,medium
staleness,0.2,reputation_weighted vs majority_vote,30,1.0666666666666673,0.01219002696073002,0.08533018872511014,no,0.6491228070175439,large
staleness,0.2,time_decayed vs majority_vote,30,3.2666666666666657,8.487016270161307e-05,0.0018671435794354874,yes,1.0,large
staleness,0.2,time_decayed vs reputation_weighted,30,2.1999999999999984,0.0010144733934269498,0.012173680721123396,yes,0.7944664031620553,large
staleness,0.3,reputation_weighted vs majority_vote,30,1.866666666666666,0.00025426825528986524,0.004387188214931083,yes,1.0,large
staleness,0.3,time_decayed vs majority_vote,30,5.933333333333334,5.39596890800846e-06,0.00019425488068830455,yes,1.0,large
staleness,0.3,time_decayed vs reputation_weighted,30,4.066666666666667,2.208811306599359e-05,0.0006184671658478204,yes,0.9866666666666667,large
staleness,0.4,reputation_weighted vs majority_vote,30,2.466666666666667,0.00013967296239076726,0.002653786285424578,yes,0.9021739130434783,large
staleness,0.4,time_decayed vs majority_vote,30,9.000000000000002,2.4446031821822092e-06,0.0001225601172619301,yes,1.0,large
staleness,0.4,time_decayed vs reputation_weighted,30,6.533333333333334,1.6126331218675013e-06,0.0001225601172619301,yes,1.0,large
staleness,0.5,reputation_weighted vs majority_vote,30,4.199999999999999,5.010872327182884e-06,0.00018540227610576673,yes,1.0,large
staleness,0.5,time_decayed vs majority_vote,30,13.533333333333333,1.6879998873377657e-06,0.0001225601172619301,yes,1.0,large
staleness,0.5,time_decayed vs reputation_weighted,30,9.333333333333332,1.6416009966164376e-06,0.0001225601172619301,yes,1.0,large
staleness,0.6,reputation_weighted vs majority_vote,30,4.933333333333334,8.377560658368598e-06,0.00025970438040942654,yes,0.9448275862068966,large
staleness,0.6,time_decayed vs majority_vote,30,17.0,1.6447303239552733e-06,0.0001225601172619301,yes,1.0,large
staleness,0.6,time_decayed vs reputation_weighted,30,12.066666666666666,1.6667754999579246e-06,0.0001225601172619301,yes,1.0,large
staleness,0.7,reputation_weighted vs majority_vote,30,5.799999999999999,2.9436372495719446e-06,0.00012657640173159362,yes,0.9908045977011494,large
staleness,0.7,time_decayed vs majority_vote,30,18.999999999999996,1.6699448692230351e-06,0.0001225601172619301,yes,1.0,large
staleness,0.7,time_decayed vs reputation_weighted,30,13.200000000000001,2.4579091343686894e-06,0.0001225601172619301,yes,1.0,large
staleness,0.8,reputation_weighted vs majority_vote,30,5.266666666666666,3.604554297163561e-06,0.00015139128048086956,yes,1.0,large
staleness,0.8,time_decayed vs majority_vote,30,21.333333333333332,1.6848019127233959e-06,0.0001225601172619301,yes,1.0,large
staleness,0.8,time_decayed vs reputation_weighted,30,16.066666666666666,1.6667754999579246e-06,0.0001225601172619301,yes,1.0,large
